<?xml version="1.0" encoding="UTF-8"?>
<GenRun Id="impl_1" LaunchPart="xc7s75fgga484-1" LaunchTime="1764773799">
  <File Type="ROUTE-PWR" Name="Morse_Transceiver_Top_power_routed.rpt"/>
  <File Type="PA-TCL" Name="Morse_Transceiver_Top.tcl"/>
  <File Type="ROUTE-PWR-SUM" Name="Morse_Transceiver_Top_power_summary_routed.pb"/>
  <File Type="REPORTS-TCL" Name="Morse_Transceiver_Top_reports.tcl"/>
  <File Type="BITSTR-MSK" Name="Morse_Transceiver_Top.msk"/>
  <File Type="ROUTE-CLK" Name="Morse_Transceiver_Top_clock_utilization_routed.rpt"/>
  <File Type="RDI-RDI" Name="Morse_Transceiver_Top.vdi"/>
  <File Type="BG-BIT" Name="Morse_Transceiver_Top.bit"/>
  <File Type="BG-DRC" Name="Morse_Transceiver_Top.drc"/>
  <File Type="BG-BGN" Name="Morse_Transceiver_Top.bgn"/>
  <File Type="BG-BIN" Name="Morse_Transceiver_Top.bin"/>
  <File Type="BITSTR-RBT" Name="Morse_Transceiver_Top.rbt"/>
  <File Type="BITSTR-NKY" Name="Morse_Transceiver_Top.nky"/>
  <File Type="BITSTR-BMM" Name="Morse_Transceiver_Top_bd.bmm"/>
  <File Type="ROUTE-METHODOLOGY-DRC" Name="Morse_Transceiver_Top_methodology_drc_routed.rpt"/>
  <File Type="BITSTR-MMI" Name="Morse_Transceiver_Top.mmi"/>
  <File Type="BITSTR-SYSDEF" Name="Morse_Transceiver_Top.sysdef"/>
  <File Type="BITSTR-LTX" Name="debug_nets.ltx"/>
  <File Type="BITSTR-LTX" Name="Morse_Transceiver_Top.ltx"/>
  <File Type="WBT-USG" Name="usage_statistics_webtalk.html"/>
  <File Type="OPT-DRC" Name="Morse_Transceiver_Top_drc_opted.rpt"/>
  <File Type="OPT-HWDEF" Name="Morse_Transceiver_Top.hwdef"/>
  <File Type="PLACE-IO" Name="Morse_Transceiver_Top_io_placed.rpt"/>
  <File Type="PLACE-UTIL" Name="Morse_Transceiver_Top_utilization_placed.rpt"/>
  <File Type="PLACE-UTIL-PB" Name="Morse_Transceiver_Top_utilization_placed.pb"/>
  <File Type="PLACE-CTRL" Name="Morse_Transceiver_Top_control_sets_placed.rpt"/>
  <File Type="PLACE-PRE-SIMILARITY" Name="Morse_Transceiver_Top_incremental_reuse_pre_placed.rpt"/>
  <File Type="ROUTE-DRC" Name="Morse_Transceiver_Top_drc_routed.rpt"/>
  <File Type="ROUTE-DRC-PB" Name="Morse_Transceiver_Top_drc_routed.pb"/>
  <File Type="ROUTE-PWR-RPX" Name="Morse_Transceiver_Top_power_routed.rpx"/>
  <File Type="ROUTE-STATUS" Name="Morse_Transceiver_Top_route_status.rpt"/>
  <File Type="ROUTE-STATUS-PB" Name="Morse_Transceiver_Top_route_status.pb"/>
  <File Type="ROUTE-DCP" Name="Morse_Transceiver_Top_routed.dcp"/>
  <File Type="ROUTE-ERROR-DCP" Name="Morse_Transceiver_Top_routed_error.dcp"/>
  <File Type="ROUTE-BLACKBOX-DCP" Name="Morse_Transceiver_Top_routed_bb.dcp"/>
  <File Type="ROUTE-TIMINGSUMMARY" Name="Morse_Transceiver_Top_timing_summary_routed.rpt"/>
  <File Type="ROUTE-TIMING-PB" Name="Morse_Transceiver_Top_timing_summary_routed.pb"/>
  <File Type="ROUTE-TIMING-RPX" Name="Morse_Transceiver_Top_timing_summary_routed.rpx"/>
  <File Type="ROUTE-BUS-SKEW" Name="Morse_Transceiver_Top_bus_skew_routed.rpt"/>
  <File Type="ROUTE-BUS-SKEW-PB" Name="Morse_Transceiver_Top_bus_skew_routed.pb"/>
  <File Type="ROUTE-BUS-SKEW-RPX" Name="Morse_Transceiver_Top_bus_skew_routed.rpx"/>
  <File Type="OPT-DCP" Name="Morse_Transceiver_Top_opt.dcp"/>
  <File Type="PLACE-DCP" Name="Morse_Transceiver_Top_placed.dcp"/>
  <File Type="PWROPT-DCP" Name="Morse_Transceiver_Top_pwropt.dcp"/>
  <File Type="POSTPLACE-PWROPT-DCP" Name="Morse_Transceiver_Top_postplace_pwropt.dcp"/>
  <File Type="PHYSOPT-DCP" Name="Morse_Transceiver_Top_physopt.dcp"/>
  <File Type="POSTROUTE-PHYSOPT-DCP" Name="Morse_Transceiver_Top_postroute_physopt.dcp"/>
  <File Type="POSTROUTE-PHYSOPT-BLACKBOX-DCP" Name="Morse_Transceiver_Top_postroute_physopt_bb.dcp"/>
  <File Type="ROUTE-METHODOLOGY-DRC-PB" Name="Morse_Transceiver_Top_methodology_drc_routed.pb"/>
  <File Type="ROUTE-DRC-RPX" Name="Morse_Transceiver_Top_drc_routed.rpx"/>
  <File Type="ROUTE-METHODOLOGY-DRC-RPX" Name="Morse_Transceiver_Top_methodology_drc_routed.rpx"/>
  <File Type="PDI-FILE" Name="Morse_Transceiver_Top.pdi"/>
  <File Type="RCFI_FILE" Name="Morse_Transceiver_Top.rcfi"/>
  <File Type="CFI_FILE" Name="Morse_Transceiver_Top.cfi"/>
  <File Type="RNPI_FILE" Name="Morse_Transceiver_Top.rnpi"/>
  <File Type="NPI_FILE" Name="Morse_Transceiver_Top.npi"/>
  <File Type="RBD_FILE" Name="Morse_Transceiver_Top.rbd"/>
  <FileSet Name="sources" Type="DesignSrcs" RelSrcDir="$PSRCDIR/sources_1">
    <Filter Type="Srcs"/>
    <File Path="$PPRDIR/Clock_Divider.v">
      <FileInfo>
        <Attr Name="UsedIn" Val="synthesis"/>
        <Attr Name="UsedIn" Val="implementation"/>
        <Attr Name="UsedIn" Val="simulation"/>
      </FileInfo>
    </File>
    <File Path="$PPRDIR/RX_Module.v">
      <FileInfo>
        <Attr Name="UsedIn" Val="synthesis"/>
        <Attr Name="UsedIn" Val="implementation"/>
        <Attr Name="UsedIn" Val="simulation"/>
      </FileInfo>
    </File>
    <File Path="$PPRDIR/SevenSeg_Array_Driver.v">
      <FileInfo>
        <Attr Name="UsedIn" Val="synthesis"/>
        <Attr Name="UsedIn" Val="implementation"/>
        <Attr Name="UsedIn" Val="simulation"/>
      </FileInfo>
    </File>
    <File Path="$PPRDIR/Seven_Seg_Decoder.v">
      <FileInfo>
        <Attr Name="UsedIn" Val="synthesis"/>
        <Attr Name="UsedIn" Val="implementation"/>
        <Attr Name="UsedIn" Val="simulation"/>
      </FileInfo>
    </File>
    <File Path="$PPRDIR/TX_Module.v">
      <FileInfo>
        <Attr Name="UsedIn" Val="synthesis"/>
        <Attr Name="UsedIn" Val="implementation"/>
        <Attr Name="UsedIn" Val="simulation"/>
      </FileInfo>
    </File>
    <File Path="$PPRDIR/Morse_Transceiver_Top.v">
      <FileInfo>
        <Attr Name="UsedIn" Val="synthesis"/>
        <Attr Name="UsedIn" Val="implementation"/>
        <Attr Name="UsedIn" Val="simulation"/>
      </FileInfo>
    </File>
    <Config>
      <Option Name="DesignMode" Val="RTL"/>
      <Option Name="TopModule" Val="Morse_Transceiver_Top"/>
      <Option Name="TopAutoSet" Val="TRUE"/>
    </Config>
  </FileSet>
  <FileSet Name="constrs_in" Type="Constrs" RelSrcDir="$PSRCDIR/constrs_1">
    <Filter Type="Constrs"/>
    <File Path="$PSRCDIR/constrs_1/new/test1203.xdc">
      <FileInfo>
        <Attr Name="UsedIn" Val="synthesis"/>
        <Attr Name="UsedIn" Val="implementation"/>
      </FileInfo>
    </File>
    <Config>
      <Option Name="TargetConstrsFile" Val="$PSRCDIR/constrs_1/new/test1203.xdc"/>
      <Option Name="ConstrsType" Val="XDC"/>
    </Config>
  </FileSet>
  <FileSet Name="utils" Type="Utils" RelSrcDir="$PSRCDIR/utils_1">
    <Filter Type="Utils"/>
    <Config>
      <Option Name="TopAutoSet" Val="TRUE"/>
    </Config>
  </FileSet>
  <Strategy Version="1" Minor="2">
    <StratHandle Name="Vivado Implementation Defaults" Flow="Vivado Implementation 2020"/>
    <Step Id="init_design"/>
    <Step Id="opt_design"/>
    <Step Id="power_opt_design"/>
    <Step Id="place_design"/>
    <Step Id="post_place_power_opt_design"/>
    <Step Id="phys_opt_design"/>
    <Step Id="route_design"/>
    <Step Id="post_route_phys_opt_design"/>
    <Step Id="write_bitstream"/>
    <Step Id="write_device_image"/>
  </Strategy>
</GenRun>
